Player,Tm,Age,Pos,G,GS,Att,Yds,TD,1D,Lng,Y/A,Y/G,Fmb
Derrick Henry *,TEN,28,RB,15,15,319,1429,13,64,56,4.5,95.3,6
Josh Jacobs*,LVR,24,RB,15,15,306,1539,11,86,86,5.0,102.6,3
Saquon Barkley*,NYG,25,RB,15,15,283,1254,10,60,68,4.4,83.6,1
Nick Chubb*,CLE,27,RB,15,15,276,1344,12,61,41,4.9,89.6,1
Dalvin Cook,MIN,27,RB,15,15,244,1109,8,47,81,4.5,73.9,3
Miles Sanders*,PHI,25,RB,15,13,236,1175,11,58,40,5.0,78.3,2
Najee Harris,PIT,24,RB,15,15,227,843,6,36,36,3.7,56.2,2
Jamaal Williams,DET,27,RB,15,7,224,850,14,55,51,3.8,56.7,3
Dameon Pierce,HOU,22,RB,13,13,220,939,4,54,75,4.3,72.2,4
Christian McCaffrey,2TM,26,RB,15,14,215,973,7,50,49,4.5,64.9,1
Ezekiel Elliott,DAL,27,RB,13,12,204,829,11,48,27,4.1,63.8,0
Travis Etienne,JAX,23,RB,15,10,204,1000,4,49,49,4.9,66.7,5
Joe Mixon,CIN,26,RB,13,13,199,787,6,45,40,4.0,60.5,0
Rhamondre Stevenson,NWE,24,RB,15,6,196,944,5,47,49,4.8,62.9,3
Jonathan Taylor,IND,23,RB,11,11,192,861,4,39,66,4.5,78.3,3
David Montgomery,CHI,25,RB,14,14,188,756,5,40,28,4.0,54.0,2
Aaron Jones,GNB,28,RB,15,15,187,962,2,47,36,5.1,64.1,4
Tony Pollard*,DAL,25,RB,15,4,186,988,9,46,57,5.3,65.9,0
Alvin Kamara,NOR,27,RB,13,11,184,717,2,32,27,3.9,55.2,4
Austin Ekeler,LAC,27,RB,15,15,183,759,11,39,71,4.1,50.6,4
Brian Robinson Jr.,WAS,23,RB,11,9,181,710,2,45,24,3.9,64.5,2
Leonard Fournette,TAM,27,RB,14,9,179,640,3,38,23,3.6,45.7,0
D'Onta Foreman,CAR,26,RB,15,7,178,811,5,39,60,4.6,54.1,1
Kenneth Walker III,SEA,22,RB,13,9,176,803,9,40,74,4.6,61.8,0
Devin Singletary,BUF,25,RB,15,15,170,790,5,40,33,4.6,52.7,2
James Conner,ARI,27,RB,12,12,167,703,7,44,23,4.2,58.6,3
Tyler Allgeier,ATL,22,RB,14,6,166,817,2,40,44,4.9,58.4,0
AJ Dillon,GNB,24,RB,15,3,165,696,6,41,27,4.2,46.4,1
Raheem Mostert,MIA,30,RB,14,12,161,791,3,39,67,4.9,56.5,1
Jalen Hurts*,PHI,24,QB,14,14,156,747,13,64,42,4.8,53.4,9
Isiah Pacheco,KAN,22,RB,15,9,153,735,3,32,28,4.8,49.0,4
Justin Fields,CHI,23,QB,14,14,150,1011,8,62,67,6.7,72.2,15
Antonio Gibson,WAS,24,RB,15,6,149,546,3,32,20,3.7,36.4,1
Cam Akers,LAR,23,RB,13,7,148,559,7,33,21,3.8,43.0,2
Jeff Wilson,2TM,27,RB,14,7,145,743,5,36,41,5.1,53.1,3
Latavius Murray,2TM,32,RB,11,5,144,601,5,35,52,4.2,54.6,0
Cordarrelle Patterson,ATL,31,RB,11,10,130,635,6,34,40,4.9,57.7,1
Kareem Hunt,CLE,27,RB,15,0,117,455,3,30,24,3.9,30.3,1
Josh Allen*,BUF,26,QB,15,15,115,746,7,52,44,6.5,49.7,13
Khalil Herbert,CHI,24,RB,11,1,114,650,4,23,63,5.7,59.1,0
Rachaad White,TAM,23,RB,15,6,114,444,1,25,35,3.9,29.6,3
Lamar Jackson,BAL,25,QB,12,12,112,764,3,47,79,6.8,63.7,5
Michael Carter,NYJ,23,RB,14,9,110,396,3,13,25,3.6,28.3,2
James Robinson,2TM,24,RB,11,5,110,425,3,22,50,3.9,38.6,1
Daniel Jones,NYG,25,QB,15,15,109,617,5,49,24,5.7,41.1,6
Kenyan Drake,BAL,28,RB,11,5,93,422,3,19,40,4.5,38.4,1
Melvin Gordon,DEN,29,RB,10,6,90,318,2,15,17,3.5,31.8,5
Samaje Perine,CIN,27,RB,15,2,89,376,2,19,29,4.2,25.1,0
Marcus Mariota,ATL,29,QB,13,13,85,438,4,30,30,5.2,33.7,8
Damien Harris,NWE,25,RB,9,8,84,383,3,19,30,4.6,42.6,0
D'Andre Swift,DET,23,RB,12,8,82,439,4,16,50,5.4,36.6,1
James Cook,BUF,23,RB,15,0,80,462,2,21,33,5.8,30.8,1
Gus Edwards,BAL,27,RB,7,3,80,415,3,29,37,5.2,59.3,1
Breece Hall,NYJ,21,RB,7,2,80,463,4,20,62,5.8,66.1,1
Taysom Hill,NOR,32,TE,14,8,77,505,6,29,60,6.6,36.1,2
Caleb Huntley,ATL,24,RB,12,0,76,366,1,18,30,4.8,30.5,1
J.K. Dobbins,BAL,24,RB,7,7,75,427,2,22,44,5.7,61.0,0
Joe Burrow*,CIN,26,QB,15,15,72,247,5,27,23,3.4,16.5,5
Clyde Edwards-Helaire,KAN,23,RB,10,6,71,302,3,15,52,4.3,30.2,0
Chuba Hubbard,CAR,23,RB,13,2,71,385,2,20,35,5.4,29.6,1
Darrell Henderson,LAR,25,RB,10,7,70,283,3,14,23,4.0,28.3,0
Jerick McKinnon,KAN,30,RB,15,0,68,281,1,11,30,4.1,18.7,1
Kyler Murray,ARI,25,QB,11,11,67,418,3,23,42,6.2,38.0,8
Zonovan Knight,NYJ,21,RB,5,4,65,251,1,12,48,3.9,50.2,1
Mark Ingram,NOR,33,RB,10,3,62,233,1,12,14,3.8,23.3,2
Zack Moss,2TM,25,RB,11,1,60,268,0,9,43,4.5,24.4,1
Geno Smith*,SEA,32,QB,15,15,59,297,1,20,24,5.0,19.8,7
Jaylen Warren,PIT,24,RB,14,0,59,267,1,15,21,4.5,19.1,1
Deon Jackson,IND,23,RB,14,2,57,191,1,11,17,3.4,13.6,1
Rashaad Penny,SEA,26,RB,5,5,57,346,2,15,41,6.1,69.2,1
Trevor Lawrence,JAX,23,QB,15,15,56,290,5,25,24,5.2,19.3,10
Alexander Mattison,MIN,24,RB,15,0,56,191,3,13,15,3.4,12.7,0
Joshua Kelley,LAC,25,RB,11,1,55,224,2,12,22,4.1,20.4,0
Patrick Mahomes*,KAN,27,QB,15,15,54,321,4,23,20,5.9,21.4,5
Chase Edmonds,2TM,26,RB,11,2,52,166,2,7,28,3.2,15.1,0
Justin Herbert,LAC,24,QB,15,15,51,146,0,16,23,2.9,9.7,7
Jacoby Brissett,CLE,30,QB,14,11,48,241,2,27,22,5.0,17.2,6
Kenneth Gainwell,PHI,23,RB,15,0,48,205,4,15,13,4.3,13.7,0
Kenny Pickett,PIT,24,QB,11,10,47,234,3,20,23,5.0,21.3,3
Javonte Williams,DEN,22,RB,4,4,47,204,0,9,17,4.3,51.0,1
Boston Scott,PHI,27,RB,13,2,43,157,2,8,19,3.7,12.1,0
Russell Wilson,DEN,34,QB,13,13,43,232,1,16,19,5.4,17.8,5
Justice Hill,BAL,25,RB,13,0,42,228,0,11,34,5.4,17.5,2
Matt Breida,NYG,27,RB,15,0,41,133,1,9,13,3.2,8.9,0
Justin Jackson,DET,26,RB,15,0,41,168,1,8,27,4.1,11.2,0
Deebo Samuel,SFO,26,WR,12,11,41,228,3,8,51,5.6,19.0,3
Mac Jones,NWE,24,QB,12,12,40,96,1,10,15,2.4,8.0,5
Elijah Mitchell,SFO,24,RB,4,1,40,224,0,11,19,5.6,56.0,0
Curtis Samuel,WAS,26,WR,15,10,37,191,1,11,21,5.2,12.7,1
Tyler Huntley,BAL,24,QB,5,3,36,113,1,10,14,3.1,22.6,3
Sony Michel,LAC,27,RB,10,0,36,106,0,8,12,2.9,10.6,0
Dak Prescott,DAL,29,QB,10,10,36,155,1,16,25,4.3,15.5,3
Ryan Tannehill,TEN,34,QB,12,12,34,98,2,12,17,2.9,8.2,3
Jamycal Hasty,JAX,26,RB,15,0,33,156,1,5,61,4.7,10.4,0
Jordan Mason,SFO,23,RB,14,0,33,217,0,9,55,6.6,15.5,0
Kyren Williams,LAR,22,RB,8,0,33,133,0,6,17,4.0,16.6,0
Aaron Rodgers,GNB,39,QB,15,15,30,82,0,7,18,2.7,5.5,8
Kirk Cousins*,MIN,34,QB,15,15,28,60,2,9,17,2.1,4.0,5
Taylor Heinicke,WAS,29,QB,9,9,28,96,1,6,15,3.4,10.7,7
Zach Wilson,NYJ,23,QB,9,9,28,102,1,7,18,3.6,11.3,1
Andy Dalton,NOR,35,QB,12,12,27,54,0,5,14,2.0,4.5,5
Royce Freeman,HOU,26,RB,2,1,27,83,0,5,11,3.1,41.5,0
Davis Mills,HOU,24,QB,13,13,27,69,2,7,17,2.6,5.3,7
Matt Ryan,IND,37,QB,12,12,27,70,1,9,39,2.6,5.8,15
Malik Willis,TEN,23,QB,8,3,27,123,1,8,17,4.6,15.4,3
Tom Brady,TAM,45,QB,15,15,26,-5,0,2,2,-0.2,-0.3,5
Rex Burkhead,HOU,32,RB,14,0,26,80,0,4,9,3.1,5.7,0
DeeJay Dallas,SEA,24,RB,13,0,26,114,0,5,16,4.4,8.8,1
Jared Goff,DET,28,QB,15,15,26,66,0,4,14,2.5,4.4,6
Tyrion Davis-Price,SFO,22,RB,4,0,25,67,0,3,20,2.7,16.8,0
Mike Boone,DEN,27,RB,9,0,24,102,0,6,18,4.3,11.3,0
Derek Carr,LVR,31,QB,15,15,24,102,0,10,20,4.3,6.8,4
Trestan Ebner,CHI,23,RB,15,0,24,54,0,2,11,2.3,3.6,2
Nyheim Hines,2TM,26,RB,15,5,24,33,1,2,9,1.4,2.2,2
Keaontay Ingram,ARI,23,RB,10,0,24,55,1,3,13,2.3,5.5,0
Dare Ogunbowale,HOU,28,RB,15,2,24,69,1,7,9,2.9,4.6,0
Malik Davis,DAL,24,RB,10,0,23,103,1,4,23,4.5,10.3,0
Jimmy Garoppolo,SFO,31,QB,11,10,23,33,2,12,6,1.4,3.0,3
Craig Reynolds,DET,26,RB,8,0,23,102,0,4,21,4.4,12.8,0
Tua Tagovailoa,MIA,24,QB,13,13,23,70,0,4,18,3.0,5.4,6
Raheem Blackshear,CAR,23,RB,11,1,22,76,3,7,16,3.5,6.9,1
Dontrell Hilliard,TEN,27,RB,12,1,22,145,0,4,30,6.6,12.1,0
J.D. McKissic,WAS,29,RB,8,0,22,95,0,5,33,4.3,11.9,0
Deshaun Watson,CLE,27,QB,4,4,22,100,1,7,17,4.5,25.0,0
Darrel Williams,ARI,27,RB,6,0,21,102,1,8,30,4.9,17.0,0
Benny Snell Jr.,PIT,24,RB,15,0,20,90,1,6,16,4.5,6.0,0
Travis Homer,SEA,24,RB,10,1,19,74,0,4,16,3.9,7.4,1
Bryce Perkins,LAR,26,QB,5,1,19,90,0,6,23,4.7,18.0,0
Mitchell Trubisky,PIT,28,QB,7,5,19,38,2,7,9,2.0,5.4,0
Carson Wentz,WAS,30,QB,7,6,19,79,0,3,18,4.2,11.3,6
Kevin Harris,NWE,22,RB,5,1,18,52,1,3,14,2.9,10.4,0
Isaiah Spiller,LAC,21,RB,6,0,18,41,0,2,11,2.3,6.8,0
Malcolm Brown,LAR,29,RB,9,0,17,58,0,2,17,3.4,6.4,0
Ty Johnson,NYJ,25,RB,15,0,17,102,1,2,32,6.0,6.8,0
Avery Williams,ATL,24,RB,15,3,17,99,1,5,21,5.8,6.6,1
Trey Lance,SFO,22,QB,2,2,16,67,0,7,13,4.2,33.5,1
Brock Purdy,SFO,23,QB,7,3,16,9,1,4,6,0.6,1.3,0
Zamir White,LVR,23,RB,13,0,16,66,0,4,22,4.1,5.1,0
Gary Brightwell,NYG,23,RB,15,0,15,72,1,5,15,4.8,4.8,0
Sam Darnold,CAR,25,QB,4,4,15,54,2,5,26,3.6,13.5,1
Jeff Driskel,HOU,29,QB,5,2,15,61,0,4,10,4.1,12.2,0
Phillip Lindsay,IND,28,RB,3,0,15,49,0,1,15,3.3,16.3,0
Brandon Powell,LAR,27,WR,15,4,15,59,0,4,20,3.9,3.9,1
Darrynton Evans,CHI,24,RB,6,0,14,64,0,3,21,4.6,10.7,0
Colt McCoy,ARI,36,QB,4,3,14,36,0,5,9,2.6,9.0,2
Jonathan Williams,WAS,28,RB,11,0,14,90,0,5,23,6.4,8.2,0
Matthew Stafford,LAR,34,QB,9,9,13,9,1,3,4,0.7,1.0,5
Tevin Coleman,SFO,29,RB,5,0,12,26,1,2,14,2.2,5.2,0
Devin Duvernay*,BAL,25,WR,14,13,12,84,1,7,18,7.0,6.0,1
David Johnson,NOR,31,RB,3,0,12,24,0,0,5,2.0,8.0,1
Trace McSorley,ARI,27,QB,5,1,12,48,0,2,14,4.0,9.6,2
Steven Sims,PIT,25,WR,10,1,12,54,0,4,22,4.5,5.4,2
Salvon Ahmed,MIA,24,RB,10,0,11,57,1,4,11,5.2,5.7,0
Sam Ehlinger,IND,24,QB,2,2,11,54,0,3,19,4.9,27.0,1
Hassan Haskins,TEN,23,RB,13,0,11,50,0,3,9,4.5,3.8,0
Dwayne Washington,NOR,28,RB,12,0,11,38,0,2,8,3.5,3.2,0
Jamal Agnew,JAX,27,WR,13,0,10,92,0,6,30,9.2,7.1,0
Myles Gaskin,MIA,25,RB,4,0,10,26,0,2,10,2.6,6.5,0
Tony Jones,2TM,25,RB,6,0,10,24,0,3,7,2.4,4.0,0
CeeDee Lamb*,DAL,23,WR,15,15,10,47,0,3,14,4.7,3.1,0
D.J. Moore,CAR,25,WR,15,15,10,53,0,3,11,5.3,3.5,0
Desmond Ridder,ATL,23,QB,2,2,10,46,0,3,18,4.6,23.0,1
Pierre Strong,NWE,24,RB,13,0,10,100,1,5,44,10.0,7.7,0
J.J. Taylor,NWE,24,RB,1,0,10,9,0,0,5,0.9,9.0,0
Skylar Thompson,MIA,25,QB,5,1,10,14,0,1,9,1.4,2.8,2
Bailey Zappe,NWE,23,QB,4,2,10,0,0,0,5,0.0,0.0,4
Braxton Berrios,NYJ,27,WR,15,2,9,91,2,5,25,10.1,6.1,1
Brandon Bolden,LVR,32,RB,14,0,9,34,0,1,12,3.8,2.4,0
Spencer Brown,CAR,24,RB,2,0,9,43,0,1,7,4.8,21.5,0
Chase Claypool,2TM,24,WR,13,11,9,59,0,3,15,6.6,4.5,1
Cooper Kupp,LAR,29,WR,9,9,9,52,1,4,20,5.8,5.8,2
Isaiah McKenzie,BUF,27,WR,14,7,9,55,1,3,18,6.1,3.9,0
Ronnie Rivers,LAR,23,RB,7,1,9,21,0,1,5,2.3,3.0,0
Cooper Rush,DAL,29,QB,8,5,9,6,0,1,6,0.7,0.8,2
Amon-Ra St. Brown,DET,23,WR,14,14,9,95,0,3,58,10.6,6.8,0
Chris Streveler,NYJ,27,QB,1,1,9,54,0,1,14,6.0,54.0,1
Ke'Shawn Vaughn,TAM,25,RB,13,0,9,27,0,1,6,3.0,2.1,0
Tutu Atwell,LAR,23,WR,11,3,8,23,0,1,9,2.9,2.1,0
Mike Davis,BAL,29,RB,8,0,8,18,0,1,10,2.3,2.3,1
John Wolford,LAR,27,QB,3,3,8,32,0,2,14,4.0,10.7,3
Snoop Conner,JAX,22,RB,6,0,7,25,0,1,6,3.6,4.2,0
Diontae Johnson,PIT,26,WR,15,15,7,25,0,1,8,3.6,1.7,1
Velus Jones Jr.,CHI,25,WR,10,2,7,48,0,3,18,6.9,4.8,3
Patrick Ricard*,BAL,28,FB,15,14,7,16,0,5,5,2.3,1.1,0
Laviska Shenault Jr.,CAR,24,WR,11,2,7,57,1,1,41,8.1,5.2,0
Derek Watt,PIT,30,FB,15,3,7,17,0,6,4,2.4,1.1,0
Jordan Wilkins,IND,28,RB,3,0,7,35,0,2,9,5.0,11.7,0
Kyle Allen,HOU,26,QB,2,2,6,13,0,2,5,2.2,6.5,4
Tyreek Hill*,MIA,28,WR,15,15,6,30,0,2,10,5.0,2.0,1
Alec Ingold,MIA,26,FB,15,13,6,8,1,5,2,1.3,0.5,0
Ronald Jones II,KAN,25,RB,4,0,6,22,0,1,6,3.7,5.5,0
Anthony McFarland Jr.,PIT,23,RB,1,0,6,30,0,3,14,5.0,30.0,0
Terry McLaurin*,WAS,27,WR,15,15,6,17,0,1,7,2.8,1.1,1
Gardner Minshew II,PHI,26,QB,4,1,6,3,1,1,3,0.5,0.8,2
Rondale Moore,ARI,22,WR,8,8,6,-5,0,1,9,-0.8,-0.6,0
Kalif Raymond,DET,28,WR,15,6,6,32,0,3,12,5.3,2.1,3
Brett Rypien,DEN,26,QB,4,2,6,7,0,2,6,1.2,1.8,4
Equanimeous St. Brown,CHI,26,WR,14,14,6,54,0,2,41,9.0,3.9,1
P.J. Walker,CAR,27,QB,6,5,6,39,0,3,20,6.5,6.5,0
Mike White,NYJ,27,QB,3,3,6,9,1,3,4,1.5,3.0,1
Trayveon Williams,CIN,25,RB,7,0,6,30,0,1,16,5.0,4.3,0
Kendrick Bourne,NWE,27,WR,14,2,5,37,0,2,29,7.4,2.6,2
Michael Burton,KAN,30,FB,15,0,5,7,0,2,6,1.4,0.5,0
Ja'Marr Chase*,CIN,22,WR,11,11,5,8,0,0,6,1.6,0.7,2
Julius Chestnut,TEN,22,RB,4,0,5,13,0,1,5,2.6,3.3,0
Greg Dortch,ARI,24,WR,14,3,5,29,0,2,20,5.8,2.1,1
Kyle Juszczyk*,SFO,31,FB,14,10,5,14,1,3,9,2.8,1.0,0
Case Keenum,BUF,34,QB,2,0,5,0,0,0,4,0.0,0.0,0
Christian Kirk,JAX,26,WR,15,15,5,11,0,0,5,2.2,0.7,1
Elijah Moore,NYJ,22,WR,14,8,5,5,0,2,10,1.0,0.4,0
Gunner Olszewski,PIT,26,WR,14,2,5,29,0,1,18,5.8,2.1,2
Patrick Taylor,GNB,24,RB,12,0,5,21,0,2,6,4.2,1.8,0
Tyrod Taylor,NYG,33,QB,2,0,5,70,0,5,32,14.0,35.0,2
Montrell Washington,DEN,23,WR,15,1,5,30,0,0,19,6.0,2.0,5
Christian Watson,GNB,23,WR,12,9,5,68,2,2,46,13.6,5.7,0
Jameis Winston,NOR,28,QB,3,3,5,16,0,0,6,3.2,5.3,3
Ameer Abdullah,LVR,29,RB,15,0,4,20,0,2,7,5.0,1.3,0
C.J. Beathard,JAX,29,QB,3,0,4,-4,0,0,-1,-1.0,-1.3,0
C.J. Ham,MIN,29,FB,15,3,4,7,2,3,3,1.8,0.5,0
Mecole Hardman,KAN,24,WR,8,5,4,31,2,3,25,7.8,3.9,1
Mack Hollins,LVR,29,WR,15,14,4,40,0,2,17,10.0,2.7,0
Zander Horvath,LAC,24,FB,15,2,4,8,0,2,3,2.0,0.5,0
Justin Jefferson*,MIN,23,WR,15,15,4,24,1,2,10,6.0,1.6,0
D'Ernest Johnson,CLE,26,RB,13,0,4,17,0,1,7,4.3,1.3,0
Julio Jones,TAM,33,WR,9,4,4,32,0,3,15,8.0,3.6,0
Zay Jones,JAX,27,WR,14,13,4,18,0,1,14,4.5,1.3,0
Ray-Ray McCloud,SFO,26,WR,15,2,4,78,1,1,71,19.5,5.2,2
Kene Nwangwu,MIN,24,RB,15,0,4,1,0,0,4,0.3,0.1,0
Anthony Schwartz,CLE,22,WR,11,1,4,57,1,2,31,14.3,5.2,1
Trevor Siemian,CHI,31,QB,2,1,4,8,0,1,6,2.0,4.0,0
Trent Taylor,CIN,28,WR,15,1,4,15,0,0,9,3.8,1.0,2
Kadarius Toney,2TM,23,WR,7,2,4,56,0,2,32,14.0,8.0,0
DJ Turner,LVR,25,WR,9,0,4,26,0,1,18,6.5,2.9,1
Garrett Wilson,NYJ,22,WR,15,10,4,4,0,0,7,1.0,0.3,2
Davante Adams*,LVR,30,WR,15,15,3,-1,0,0,4,-0.3,-0.1,1
Brandon Allen,CIN,30,QB,1,0,3,-1,0,1,2,-0.3,-1.0,0
Mark Andrews*,BAL,27,TE,14,14,3,8,0,3,4,2.7,0.6,1
Anthony Brown,BAL,24,QB,1,0,3,-5,0,0,-1,-1.7,-5.0,0
Treylon Burks,TEN,22,WR,9,4,3,27,0,2,15,9.0,3.0,0
Parris Campbell,IND,25,WR,15,14,3,31,0,1,28,10.3,2.1,0
Joe Flacco,NYJ,37,QB,4,3,3,6,0,1,7,2.0,1.5,5
Jerome Ford,CLE,23,RB,11,0,3,3,0,0,4,1.0,0.3,0
Chris Godwin,TAM,26,WR,13,12,3,5,0,0,2,1.7,0.4,0
Chad Henne,KAN,37,QB,2,0,3,-3,0,0,-1,-1.0,-1.5,1
Skyy Moore,KAN,22,WR,15,3,3,24,0,1,12,8.0,1.6,3
Chigoziem Okonkwo,TEN,23,TE,15,6,3,2,0,0,6,0.7,0.1,0
K.J. Osborn,MIN,25,WR,15,9,3,6,0,2,5,2.0,0.4,0
Devine Ozigbo,DEN,26,RB,4,0,3,4,0,0,4,1.3,1.0,0
George Pickens,PIT,21,WR,15,10,3,24,1,2,22,8.0,1.6,0
Adam Prentice,NOR,25,FB,9,2,3,7,0,2,3,2.3,0.8,1
Jalen Reagor,MIN,23,WR,15,0,3,20,0,1,17,6.7,1.3,3
Rashid Shaheed,NOR,24,WR,10,4,3,50,1,2,44,16.7,5.0,1
Tyquan Thornton,NWE,22,WR,11,7,3,16,1,1,19,5.3,1.5,0
KaVontae Turpin*,DAL,26,WR,15,0,3,17,0,1,11,5.7,1.1,2
Quez Watkins,PHI,24,WR,15,8,3,1,0,0,4,0.3,0.1,1
Andrew Beck,DEN,26,FB,11,4,2,0,0,0,1,0.0,0.0,0
Teddy Bridgewater,MIA,30,QB,4,1,2,21,0,2,11,10.5,5.3,0
DeAndre Carter,LAC,29,WR,15,7,2,-15,0,0,-5,-7.5,-1.0,2
Tyler Conklin,NYJ,27,TE,15,14,2,3,0,2,2,1.5,0.2,2
Brandin Cooks,HOU,29,WR,11,11,2,7,0,0,5,3.5,0.6,0
Michael Dickson,SEA,26,P,15,0,2,-18,0,0,-8,-9.0,-1.2,1
Jahan Dotson,WAS,22,WR,10,8,2,-7,0,0,3,-3.5,-0.7,0
Ashton Dulin,IND,25,WR,11,2,2,8,0,1,5,4.0,0.7,0
D'Wayne Eskridge,SEA,25,WR,10,0,2,10,0,0,6,5.0,1.0,0
Jamie Gillan,NYG,25,P,15,0,2,-3,0,0,0,-1.5,-0.2,1
Marquise Goodwin,SEA,32,WR,13,2,2,5,0,0,7,2.5,0.4,0
KJ Hamler,DEN,23,WR,7,0,2,23,0,1,14,11.5,3.3,0
Richie James,NYG,27,WR,15,4,2,6,0,0,4,3.0,0.4,3
Duke Johnson,BUF,29,RB,1,0,2,4,0,1,4,2.0,4.0,0
Josh Johnson,SFO,36,QB,1,0,2,3,0,0,4,1.5,3.0,0
Travis Kelce*,KAN,33,TE,15,15,2,5,0,1,4,2.5,0.3,1
Cole Kmet,CHI,23,TE,15,15,2,9,0,1,8,4.5,0.6,1
Jakobi Meyers,NWE,26,WR,12,11,2,-11,0,2,7,-5.5,-0.9,2
Ty Montgomery,NWE,29,WR,1,0,2,-2,0,0,0,-1.0,-2.0,0
C.J. Moore,DET,27,S,9,0,2,55,0,2,42,27.5,6.1,1
Chris Moore,HOU,29,WR,14,5,2,5,0,0,3,2.5,0.4,0
David Njoku,CLE,26,TE,12,12,2,-8,0,0,-2,-4.0,-0.7,1
Breshad Perriman,TAM,29,WR,10,3,2,-7,0,0,0,-3.5,-0.7,2
Dante Pettis,CHI,27,WR,15,6,2,37,0,2,29,18.5,2.5,1
Michael Pittman Jr.,IND,25,WR,14,14,2,30,0,2,19,15.0,2.1,2
Wan'Dale Robinson,NYG,21,WR,6,3,2,-1,0,0,4,-0.5,-0.2,0
Trey Sermon,PHI,23,RB,2,0,2,19,0,2,14,9.5,9.5,0
Durham Smythe,MIA,27,TE,14,13,2,1,1,1,1,0.5,0.1,0
Nate Sudfeld,DET,29,QB,1,0,2,-1,0,0,0,-0.5,-1.0,0
Jaylen Waddle,MIA,24,WR,15,15,2,17,0,0,9,8.5,1.1,1
Damien Williams,ATL,30,RB,1,1,2,2,0,0,2,1.0,2.0,0
Olamide Zaccheaus,ATL,25,WR,15,11,2,7,0,1,13,3.5,0.5,1
Brandon Aiyuk,SFO,24,WR,15,15,1,7,0,0,7,7.0,0.5,1
Marcus Allen,PIT,26,LB,15,0,1,4,0,1,4,4.0,0.3,0
Daniel Bellinger,NYG,22,TE,11,10,1,2,1,1,2,2.0,0.2,1
Giovani Bernard,TAM,31,RB,6,0,1,0,0,0,0,0.0,0.0,1
Dyami Brown,WAS,23,WR,13,0,1,15,0,1,15,15.0,1.2,0
Marquise Brown,ARI,25,WR,10,9,1,1,0,0,1,1.0,0.1,1
Harrison Bryant,CLE,24,TE,15,7,1,8,0,1,8,8.0,0.5,0
Jason Cabinda,DET,26,FB,6,2,1,4,0,1,4,4.0,0.7,0
Sean Chandler,CAR,26,S,15,0,1,2,0,1,2,2.0,0.1,0
Jaelon Darden,TAM,23,WR,12,0,1,2,0,0,2,2.0,0.2,0
Ashtyn Davis,NYJ,26,S,12,0,1,2,0,1,2,2.0,0.2,0
Stefon Diggs*,BUF,29,WR,15,15,1,-3,0,0,-3,-3.0,-0.2,1
Romeo Doubs,GNB,22,WR,11,7,1,11,0,1,11,11.0,1.0,2
Evan Engram,JAX,28,TE,15,12,1,0,0,0,0,0.0,0.0,0
Gerald Everett,LAC,28,TE,14,9,1,0,0,0,0,0.0,0.0,0
Matthias Farley,LVR,30,S,15,0,1,-3,0,0,-3,-3.0,-0.2,0
Clayton Fejedelem,MIA,29,S,11,0,1,0,0,0,0,0.0,0.0,0
Demetric Felton,CLE,24,RB,8,2,1,-4,0,0,-4,-4.0,-0.5,1
Nick Foles,IND,33,QB,2,1,1,0,0,0,0,0.0,0.0,0
Feleipe Franks,ATL,25,TE,11,1,1,0,0,0,0,0.0,0.0,0
Kylen Granson,IND,24,TE,13,4,1,0,0,0,0,0.0,0.0,1
Noah Gray,KAN,23,TE,15,8,1,1,1,1,1,1.0,0.1,0
Peyton Hendershot,DAL,23,TE,15,2,1,2,1,1,2,2.0,0.1,1
Connor Heyward,PIT,23,TE,15,0,1,21,0,1,21,21.0,1.4,0
Kylin Hill,GNB,24,RB,2,0,1,7,0,1,7,7.0,3.5,0
Kendall Hinton,DEN,25,WR,11,5,1,13,0,1,13,13.0,1.2,0
Jordan Howard,NOR,28,RB,2,0,1,1,0,0,1,1.0,0.5,0
Robert Hunt,MIA,26,OL,15,15,1,0,0,0,0,0.0,0.0,1
Trenton Irwin,CIN,27,WR,8,2,1,11,0,1,11,11.0,1.4,0
Jerry Jeudy,DEN,23,WR,13,12,1,1,0,1,1,1.0,0.1,0
Dallin Leavitt,GNB,28,S,15,0,1,0,0,0,0,0.0,0.0,0
Scott Miller,TAM,25,WR,13,1,1,8,0,0,8,8.0,0.6,0
Darnell Mooney,CHI,25,WR,12,12,1,2,0,0,2,2.0,0.2,0
Josh Palmer,LAC,24,WR,14,11,1,4,0,1,4,4.0,0.3,1
Zach Pascal,PHI,28,WR,15,1,1,0,0,0,0,0.0,0.0,0
Donovan Peoples-Jones,CLE,23,WR,15,12,1,2,0,0,2,2.0,0.1,1
Armani Rogers,WAS,25,TE,10,3,1,24,0,1,24,24.0,2.4,0
Ben Skowronek,LAR,25,WR,14,11,1,17,1,1,17,17.0,1.2,0
Jonnu Smith,NWE,27,TE,14,8,1,5,0,1,5,5.0,0.4,1
Keith Smith,ATL,30,FB,15,4,1,2,0,1,2,2.0,0.1,0
M.J. Stewart,HOU,27,DB,15,0,1,3,0,1,3,3.0,0.2,0
Courtland Sutton,DEN,27,WR,13,13,1,5,0,0,5,5.0,0.4,0
Deven Thompkins,TAM,23,WR,3,0,1,9,0,0,9,9.0,3.0,1
Marquez Valdes-Scantling,KAN,28,WR,15,9,1,-3,0,0,-3,-3.0,-0.2,0
Cedrick Wilson Jr.,MIA,27,WR,14,0,1,8,0,0,8,8.0,0.6,0
Michael Woods II,CLE,22,WR,8,0,1,-5,0,0,-5,-5.0,-0.6,0
